# Cartas rebalanceadas de Arena (A-...): juego de Scryfall, numero, uuid de la cara y de la trasera.
# Scryfall las quito de su API y de su indice el ~22-09-2026; sus fotos siguen en cards.scryfall.io.
# Sacado del indice de CdnUuidCache del 23-09-2026. Ver forge.neo.card.RebalancedArt.
afr	A-102	ca09f699-c3e9-436e-b1b3-0fcd1ef3273f	
afr	A-115	77808663-2511-4495-a779-d4294a621c7f	
afr	A-118	6af167ef-40f9-4734-a14b-6024ddf93871	
afr	A-130	423f13ba-e165-4add-9935-d88503e1e761	
afr	A-14	191a73b3-9efc-4f79-bf10-e8e2d6951c6c	
afr	A-180	8cbd3554-0096-470d-ba9d-011f5c8212c4	
afr	A-181	49215be1-88ed-4302-a708-99496d90d175	
afr	A-183	50a223fc-ded8-4675-a72a-74ca6a44a642	
afr	A-196	e499ccce-359a-45ac-a09b-5e4ca96ac1cd	
afr	A-219	7ad77890-cf97-4707-ab31-be0f5be0e120	
afr	A-226	8375b7a3-40f2-4b1c-a8cb-ce19e34e4471	
afr	A-231	4ef5fb8c-ee26-464e-bc89-47b2e4c39222	
afr	A-233	67afa501-d561-4a02-9321-351d19daa10d	
afr	A-237	b6a95341-168b-4a97-90dc-9a444f5de8e6	
afr	A-255	7673def9-9f27-4382-b65b-ec616fae1768	
afr	A-32	594323b6-558d-4597-beb8-5346599ea571	
afr	A-53	e200b8f1-3738-4db4-a2b3-7aeb4c2fd59b	
afr	A-7	735b16a4-c35a-4eec-94ed-8df6720240e0	
afr	A-81	ab73fa2c-b89f-4f1c-b8bf-f00c024a00bd	
afr	A-87	eb363654-2004-4db8-bbd2-5b121da4f2a0	
afr	A-9	af2fecd0-cb15-42d5-b652-5721bec421b2	
afr	A-95	f756f0c8-bab6-45cf-a433-409b3c999263	
blb	A-138	b24c3e9c-2aff-45fd-9c87-3ebd33bbe807	
bro	A-132	22d27b4e-1ff5-4b5a-baa0-98bc4d6abb37	
bro	A-140	2553c1f3-0382-4be3-8f8c-c99251ad814e	
bro	A-156	8fd1af34-999a-4649-bc27-dc44a601095d	
bro	A-199	0398ea6e-94f8-4a34-873b-6cde8426169d	
bro	A-219	4688b825-de44-4697-8267-acd1713d13d1	
bro	A-254	6a6a3320-638a-46de-9a60-010c65ecd6e1	
bro	A-263	35277e29-369e-4ca2-a6b2-285210a04f98	
bro	A-289	8b60d67a-0133-4688-83e4-7ff8209a3946	
bro	A-58	d2c62ffd-f01b-4d5a-a429-04940458f4f6	
bro	A-63	4b486d77-dbd8-4fe1-bd5e-3d33ba6605be	
bro	A-69	e4f414b6-7323-4ced-bcd5-36bd1fac4573	
bro	A-70	a4b2e503-4024-45dc-86e5-f68dbce59af1	
dmu	A-1	0c96e084-88b9-4390-bca2-5d1b7a459abc	
dmu	A-138	29bc8e99-bfdc-4ee9-a7f6-61b7d8c1f5e0	
dmu	A-141	3d63d37c-34a3-4b63-a6bf-c0f403a3f709	
dmu	A-145	89a96429-4352-4dad-82c4-9ef8787573de	
dmu	A-169	833ac211-356b-4679-8205-4277678a13d8	
dmu	A-170	acf4f164-d441-4604-ad08-2033db89d84b	
dmu	A-176	2b0f8ee9-9db6-4648-97ab-a49a16359c80	
dmu	A-181	16ef0889-bf28-44c4-b0fd-04bbef15cda5	
dmu	A-207	62ac0052-dd03-4b48-a3a8-15a84fed66d5	
dmu	A-211	a9209d7f-7a3f-4ffa-bb31-04d2a2b422d2	
dmu	A-217	200fa865-88a4-4f50-9435-4e240fb5fd4f	
dmu	A-220	44245ae4-aa37-42d4-872a-08bd1f1ca385	
dmu	A-222	367b8b17-3881-4bc4-aa2f-0376b614dca7	
dmu	A-225	63758c04-6dd9-4461-b227-924c04118a20	
dmu	A-227	7306a895-c78d-4f78-a58e-a818e4c4016c	
dmu	A-259	b4505c11-6971-4f9d-af52-8204f4e1323f	
dmu	A-286	71165520-9471-40dd-a45b-2955b006c7d2	
dsk	A-143	053c829b-ab70-4e99-8062-a9d848adb66c	
dsk	A-187	8314ab56-ccd9-4877-9309-8ede898be837	
eld	A-81	c55cdc15-e289-49a0-94d9-d0a118ad0a2a	
fca	A-19	844a56c7-d17a-4495-9945-89b68443dd5b	
fin	A-248	f5fce9a5-85ae-408e-a260-b1e39843626e	
hbg	A-104	69d47930-c13f-47bd-a0a6-c61bb51e4607	
hbg	A-117	6e372f2d-92dd-487e-bb69-3dce1110dac1	
hbg	A-120	9d31de7f-b21f-4c31-89a9-f27875f7aee1	
hbg	A-125	50f79bde-10eb-467d-8d56-d4d9a2e15d9c	
hbg	A-127	cea79097-b56a-4cbf-9c80-2dfe0c67368b	
hbg	A-128	9c75b084-8077-4576-b2f3-3ce47545f899	
hbg	A-136	d162b232-ae71-42f5-a5da-cc7e74515db4	
hbg	A-138	087c13b7-1641-4902-b595-f730068e33cc	
hbg	A-143	8a7df52e-fa91-4c2b-a465-47274bf7e6aa	
hbg	A-154	2a361530-24eb-43df-b731-106788504973	
hbg	A-160	e3137e38-e509-4d3f-9e20-44271a7fdf47	
hbg	A-163	a8096dbc-5568-4509-b2c8-93c84411f2dd	
hbg	A-166	bada6831-55b9-499e-afb5-9d0232aece13	
hbg	A-168	7cc1570e-f212-41cc-99cb-8366ccf2faea	
hbg	A-177	e11103a3-95dc-4453-a3f3-975fcff5fba0	
hbg	A-197	b9a6c085-80d5-4bdf-ba4f-b1bed9fa10c5	
hbg	A-203	0790fb0e-1db0-4edc-a287-8b1684310a67	
hbg	A-208	f1e9f765-374b-4006-a161-a19409d42d34	
hbg	A-209	a5cbda07-53a0-4526-9955-36f902073cf1	
hbg	A-210	f7d0e041-ec44-4d6c-9a35-173340f1bed7	
hbg	A-215	5ece9da7-7116-4b59-a37c-6f295204970a	
hbg	A-223	49341a2f-18c8-4f89-a83f-9676cdaed886	
hbg	A-239	75269794-9938-4f30-ab0e-4c10f4307631	
hbg	A-243	b2e28dd8-77f0-40b1-ad03-0d5671d41f0e	
hbg	A-259	75a58618-51ef-4394-aa51-b78aee69c8e1	
hbg	A-262	5078488d-517d-4926-b4f5-fe078f9bcd36	
hbg	A-85	024c82c5-611e-48bd-ad56-9d31e4adda0e	
hbg	A-87	ba4aa596-253a-4b9b-95c9-106af42f0d5a	
iko	A-216	6bf6e906-9305-4003-b040-1dfecca590c1	
jmp	A-206	ab76e956-5d6c-49b8-991c-c39d5b18b876	
khm	A-106	a238560c-4633-4507-828e-4e96ecf62e11	
khm	A-109	886b815b-ffcb-4239-b161-68983e091124	
khm	A-165	8c1d225c-8a49-43f9-a9d2-aef7e406ab52	
khm	A-166	6310bf62-6016-4987-83ed-671283a7ff61	
khm	A-198	16492772-1a2a-4935-95ff-c2416633d064	
khm	A-208	3fe02fae-3e0a-402e-9f2e-f0e9c553cc1a	
khm	A-212	cc3987c7-4114-44ea-bd40-1a6054e06f09	
khm	A-213	db8705b7-e851-483e-a2af-bd309e62f079	
khm	A-224	2d689fc6-c7b5-46f8-9ec2-2bc4b4af87c0	
khm	A-233	6f471133-db82-4610-81fb-736fbd3b1c6c	
khm	A-237	f7f1ce0b-6668-4d16-8fe0-07c65ce4bc82	
khm	A-253	88010fdf-41e5-4303-82e2-19cfe9082270	
khm	A-268	d305dd37-2764-46cb-8cb9-d3d2c049b36c	
khm	A-378	693eb7cb-a78c-4d79-b4de-f59da76cce31	
khm	A-385	62872f7d-26ab-40b7-96db-955e576ec110	
khm	A-387	5b7a57af-b44d-476d-8f11-43c54eff52b2	
khm	A-40	b443504e-1b25-4565-bad7-2575826c7bb9	
khm	A-51	4dfd73e2-1fad-46f6-90c5-ea35a380dbef	
lci	A-150e	71dec77b-e790-48b8-8c13-91305d9f97ce	
ltr	A-103	ff7c57ab-f07d-4653-9451-42821cb431c0	
ltr	A-246	23b91af8-eff9-402a-8ba8-ab470c5c1a44	
m20	A-115	4926ede3-deb5-405f-b867-a0079bb9f4d7	
mh2	A-121	ae8024ce-12c9-4139-934d-fb230103daa1	
mh3	A-122	a0a12717-a9c0-43c7-b6be-02fd435c0053	
mh3	A-193	ce641c7d-2429-4925-b2a6-6be3656698fc	
mh3	A-29	23690b14-8e3e-4aff-bf5e-dd002dcc0bed	
mh3	A-38	648ae09d-f867-49d1-a694-ff9d63800041	
mid	A-106	2fae7302-0439-4b96-88c8-4ecfae322e7b	
mid	A-218	5132a045-fe39-4e45-8abd-d0c1069caee7	
mid	A-52	004c1078-0dea-4885-97b5-497f3f15c8c3	
mid	A-59	79a6bf25-4e94-4760-b4f5-69c78ac98fb5	
mid	A-69	a17c4ab2-f455-4195-86d2-b8d039fb27dd	
mid	A-70	b99a920c-5bd9-4aee-863a-26b4bfd4bf08	
mid	A-74	59feb0fa-3d5f-4712-899c-272f3976ff0d	
mul	A-120	a8faf1de-2e69-4144-a3e5-2efbfda837f6	
neo	A-1	0321b706-87b0-4bea-89d3-ec2e7252dc7c	
neo	A-10	e2a8f60f-7cca-4528-b153-a8804e93626e	
neo	A-114	a47b49c4-6adb-445b-b0f1-e0391c2f08cf	
neo	A-116	8b7d51c6-a9c8-47b8-b120-d72a1f2aa439	
neo	A-131	0c780e37-91b1-4fe1-85c9-7007d91209d5	
neo	A-156	6f6c21b4-a143-4fe5-a505-963e98f2fe2f	
neo	A-19	d6c23437-244f-4e6b-93b7-ce0321be154b	
neo	A-215	ea1d684e-c4dd-481b-856e-8331d4f64be2	
neo	A-232	06f5ab0d-3280-42d3-bc7e-abb109bbe3c4	
neo	A-234	7b30c1fe-b3c0-48c7-a451-989eb3776d43	
neo	A-236	fa2d984f-1a5e-4ca7-b333-5fcca8a966e2	
neo	A-242	6a93c43b-0604-47fa-ae4e-4f72d342acf9	
neo	A-53	034c5631-fd61-47cb-88b6-aca036affc1e	
neo	A-67	38f66d0c-5d03-449f-a056-b97e2ed6a3a1	
neo	A-73	df5c4d9c-6c27-4d29-a6b8-df8905f810a6	
neo	A-86	4df5e7d3-cd49-498e-b2e3-37db891edbbe	
neo	A-95	73447b86-d5a4-4b62-9a21-84d284c9ae3c	
snc	A-106	a222b6a5-27b9-4a8a-a727-ad113808ca7d	
snc	A-111	68068a3a-8258-4e7d-8031-3dc93adf3c3b	
snc	A-118	6016155a-d694-45af-bd05-1b2d8046d993	
snc	A-119	a392ab2d-d3aa-466f-837e-27365ebcec6e	
snc	A-120	c62e39e3-f266-41ac-a0c3-3dce45e783f7	
snc	A-123	a755e0ed-92fe-4910-8113-f2b9f83294e6	
snc	A-139	1dbc5b78-2156-4a9a-863f-b2f82fbdc87d	
snc	A-149	6bf8438c-9738-4577-b55d-f1e270c06890	
snc	A-150	287079a9-d2ae-4ba8-b74b-6cd49c0f4109	
snc	A-153	43cdaf8e-1d2f-4443-b071-7fc500ea50ad	
snc	A-157	3666a480-33d9-4a4b-9c65-0dac90476541	
snc	A-164	1bfc1b1d-66f5-49e9-b6bc-c7f78b206c11	
snc	A-173	94e82413-9736-4013-a39a-5498c1c85bba	
snc	A-174	1ede1b10-56df-4e17-bf86-1082edff1b51	
snc	A-176	186e9707-b20e-4ea6-b353-9abd98174011	
snc	A-189	b9e6942a-f6fd-455f-be4a-0cdd16d67e13	
snc	A-190	ab334c44-0cdb-4521-bb7d-162131155796	
snc	A-20	63313cf3-963d-4bae-89bc-8a8ddf2a9294	
snc	A-201	0c2073bd-be49-4d3a-9aca-b8ea6b747503	
snc	A-203	a5601410-9c2b-488f-a123-9637d0d97d06	
snc	A-204	db1b8196-ec05-4732-aec2-50629cf4ebb4	
snc	A-212	6c3da27e-4fdd-46ce-bb81-0b2dfec1c6ed	
snc	A-214	b799b01d-2e9b-4ef0-b518-bb3684cd524d	
snc	A-220	e61a849b-601b-4d5a-9a4e-84e7eb685b09	
snc	A-221	574a8645-9f6e-4657-afac-5d8242e011cb	
snc	A-224	f564085e-2abd-4ecc-9b7a-19a69ddabc84	
snc	A-225	cd7187e3-0b8e-4a63-a6e5-aeef3c0e8872	
snc	A-226	c0edc749-8603-4849-9426-6105dddd7566	
snc	A-241	0dcc9bf5-0f22-4e41-b2ad-f4c9ce390826	
snc	A-242	5bc58708-3d62-4ab9-bf65-1cd707f2b753	
snc	A-32	e77ea3bd-0d52-4d36-9d73-2b9d68c01e88	
snc	A-37	97aa1331-3a2b-4c1e-a1ab-b53756141b35	
snc	A-53	91372333-e02e-46ed-af2f-ea8b32a3e0fa	
snc	A-55	89c75011-1cad-49eb-b104-7223c2e3b1e0	
snc	A-6	b8c0cecd-c718-4238-9164-ebb6c20fc99c	
snc	A-60	81c9b674-b13e-4ba0-8eef-067e62db1b8a	
snc	A-7	6d9428ae-9c59-4cac-a29b-039a34cfdb6d	
snc	A-74	b2d88ac4-cde5-4878-934e-cd670a7c9b9e	
snc	A-75	fb9f5336-130a-41aa-9df0-9bbb5dd747d9	
snc	A-81	fca8a87a-ecb2-4f1c-93ad-17091af3da15	
snc	A-84	cf60fdcf-f07a-4daa-b670-f6c2793e72eb	
snc	A-87	37409205-a750-475a-9755-5ad21792acd7	
snc	A-91	c1fe4c78-41da-4643-841f-07d54670f1be	
snc	A-98	7daf9711-4064-4f09-9371-aa1165d3d1db	
stx	A-117	2952a34c-b0c0-4e1c-9a00-c74c7e6b7d32	
stx	A-15	27b19a46-f4e9-4a08-b118-a62a93901c1e	
stx	A-156	6168bf9a-8a2e-46a5-ba87-7f88a4edc526	
stx	A-202	f53e674b-5d48-4734-beeb-2a3deeb935e0	
stx	A-240	957117fe-ddc9-4c5d-bff8-f74602a24dd8	
stx	A-258	cd8acc65-c7e0-4ba5-b956-af0679ffb830	
stx	A-46	bf572a77-bd21-48e3-9640-3f17a5416ab1	
stx	A-56	c2409aee-3a80-4533-80bc-9383624c285d	
stx	A-88	d4ea2dad-f276-47b8-912c-267a832f1d36	
stx	A-92	79b12c44-9537-4863-a678-c982e8714a5a	
tdm	A-103	058da414-1f05-45a0-8938-2fbc1050e17e	
vow	A-233	d0e03cdb-1082-448b-ae5c-501fb8bc3f3b	
vow	A-235	9b21d350-9b89-41d0-8def-00ef5189449c	
vow	A-247	220003ce-cf2e-4595-91f4-c3462407d293	
vow	A-248	7302dfa1-7302-4b3c-a894-b780b5474d8f	
vow	A-48	6e40e8f7-38f9-454a-9127-164b39737cb8	
vow	A-52	8f72382e-920b-4695-a91c-4980c8c37a12	
vow	A-58	63cb3ee1-54f6-4523-9bec-435fade6332f	
vow	A-62	f7c3cf39-c49f-4055-87e6-c82a224b273c	
vow	A-66	942d9122-f380-4bc0-8bf1-2ba6f49fd3ee	
vow	A-69	4dd4f872-1af1-4bb7-81e7-409861c45b20	
vow	A-81	5753d235-24d6-47a9-aed8-b3e13211c222	
war	A-221	01091bfd-e9b8-4a9b-89a9-56da625a5d18	
znr	A-105	f7bdcad1-00d2-4e26-8230-82f0768bdd67	
znr	A-126	bc5fd304-d8e4-4ba4-ab0e-2ebeebea8fdd	
znr	A-141	7762d48f-9088-4856-a0b0-cbf62540caf5	
znr	A-145	825d4bac-9433-4956-9126-358432c22818	
znr	A-154	e350e531-1ce1-48dc-b458-c2ace44cad1e	
znr	A-185	46f644a6-9621-429e-a0a0-4c74d0ecff2e	
znr	A-187	538103da-aa42-436b-8d1a-8f774d005c9a	
znr	A-198	52abea40-2736-49a8-a372-16b7b93d510a	
znr	A-224	13d44c40-cdd0-42d5-a250-e7d95ae926c0	
znr	A-228	dd748df0-b7af-4438-b567-5fabe0731438	
znr	A-230	02e33233-fc29-489b-bcf4-fa7d771db0cc	
znr	A-234	e0c4a2f5-b942-4c94-b28c-e04d0609cfb3	
znr	A-238	559ebc64-3412-413f-8ef3-f058a0d60f33	
znr	A-257	b56f7e2a-150c-4daa-811c-a0347ff850bf	
znr	A-68	f2a96105-8448-44cb-b60a-36648a1bdbac	
